{
    "sections": [
        {
            "category": "PRICING/PACKAGES",
            "specifications": [
                {
                    "name": "Transmission",
                    "trims": [
                        "SE Sedan",
                        "SE Hatchback",
                        "Sport Hatchback"
                    ],
                    "specs": [
                        {
                            "name": "Starting MSRP (manual transmission)",
                            "trims": [
                                {
                                    "name": "SE Sedan",
                                    "value": "$14,745"
                                },
                                {
                                    "name": "SE Hatchback",
                                    "value": "$14,995"
                                },
                                {
                                    "name": "Sport Hatchback",
                                    "value": "$16,495"
                                }
                            ]
                        },
                        {
                            "name": "Starting MSRP (automatic transmission) ",
                            "trims": [
                                {
                                    "name": "SE Sedan",
                                    "value": "$15,745"
                                },
                                {
                                    "name": "SE Hatchback",
                                    "value": "$16,195"
                                },
                                {
                                    "name": "Sport Hatchback",
                                    "value": "$17,495"
                                }
                            ]
                        }
                    ],
                    "packages": [
                        {
                            "image": "/images/packages/2016/accent/2016-hyundai-accent-package-266x134-popular.jpg",
                            "title": "Popular Package for SE Sedan",
                            "total": "$600",
                            "details": [
                                "Requires SE Sedan A/T",
                                "Heated side mirrors w/driver’s blind spot mirror",
                                "Steering-wheel-mounted audio controls",
                                "Cruise control",
                                "Bluetooth",
                                "Tilt-and-telescopic steering wheel",
                                "Sliding armrest storage box"
                            ]
                        },
                        {
                            "image": "/images/packages/2015/accent/2015_accent_package_266x134_style.jpg",
                            "title": "Style Package for SE Sedan",
                            "total": "$800",
                            "details": [
                                "Requires Popular Package",
                                "Premium cloth seats",
                                "Leather-wrapped steering wheel and shift knob",
                                "Piano Black interior accents",
                                "Fog lights ",
                                "16-inch alloy wheels with 195/50R16 tires",
                                "Rear disc brakes",
                                "Projector headlights with LED headlight accents",
                                "Headlight welcome/escort function",
                                "Driver’s auto-up window"
                            ]
                        }
                    ]
                }
            ]
        },
        {
            "category": "EPA MILEAGE ESTIMATES / FUEL CAPACITY",
            "specifications": [
                {
                    "name": "EPA Mileage Estimates*/Fuel Capacity",
                    "trims": [
                        "SE Sedan",
                        "SE Hatchback",
                        "Sport Hatchback"
                    ],
                    "specs": [
                        {
                            "name": "City/Highway/Combined (manual transmission)",
                            "trims": [
                                {
                                    "name": "SE Sedan",
                                    "value": "27 / 38 / 31"
                                },
                                {
                                    "name": "SE Hatchback",
                                    "value": "27 / 38 / 31"
                                },
                                {
                                    "name": "Sport Hatchback",
                                    "value": "27 / 38 / 31"
                                }
                            ]
                        },
                        {
                            "name": "City/Highway/Combined (automatic transmission)",
                            "trims": [
                                {
                                    "name": "SE Sedan",
                                    "value": "26 / 37 / 30"
                                },
                                {
                                    "name": "SE Hatchback",
                                    "value": "26 / 37 / 30"
                                },
                                {
                                    "name": "Sport Hatchback",
                                    "value": "26 / 37 / 30"
                                }
                            ]
                        },
                        {
                            "name": "Fuel tank capacity (gal.)",
                            "trims": [
                                {
                                    "name": "SE Sedan",
                                    "value": "11.4"
                                },
                                {
                                    "name": "SE Hatchback",
                                    "value": "11.4"
                                },
                                {
                                    "name": "Sport Hatchback",
                                    "value": "11.4"
                                }
                            ]
                        }
                    ]
                }
            ]
        },
        {
            "category": "MECHANICAL",
            "specifications": [
                {
                    "name": "Engine",
                    "trims": [
                        "SE Sedan",
                        "SE Hatchback",
                        "Sport Hatchback"
                    ],
                    "specs": [
                        {
                            "name": "Type",
                            "trims": [
                                {
                                    "name": "SE Sedan",
                                    "value": " 4-cylinder"
                                },
                                {
                                    "name": "SE Hatchback",
                                    "value": " 4-cylinder"
                                },
                                {
                                    "name": "Sport Hatchback",
                                    "value": " 4-cylinder"
                                }
                            ]
                        },
                        {
                            "name": "Displacement (liters)",
                            "trims": [
                                {
                                    "name": "SE Sedan",
                                    "value": "1.6"
                                },
                                {
                                    "name": "SE Hatchback",
                                    "value": "1.6"
                                },
                                {
                                    "name": "Sport Hatchback",
                                    "value": "1.6"
                                }
                            ]
                        },
                        {
                            "name": "Horsepower @ RPM",
                            "trims": [
                                {
                                    "name": "SE Sedan",
                                    "value": "137 @ 6300"
                                },
                                {
                                    "name": "SE Hatchback",
                                    "value": "137 @ 6300"
                                },
                                {
                                    "name": "Sport Hatchback",
                                    "value": "137 @ 6300"
                                }
                            ]
                        },
                        {
                            "name": "Torque (lb.-ft. @ RPM)",
                            "trims": [
                                {
                                    "name": "SE Sedan",
                                    "value": "123 @ 4850"
                                },
                                {
                                    "name": "SE Hatchback",
                                    "value": "123 @ 4850"
                                },
                                {
                                    "name": "Sport Hatchback",
                                    "value": "123 @ 4850"
                                }
                            ]
                        },
                        {
                            "name": "Compression ratio",
                            "trims": [
                                {
                                    "name": "SE Sedan",
                                    "value": "11.0:1"
                                },
                                {
                                    "name": "SE Hatchback",
                                    "value": "11.0:1"
                                },
                                {
                                    "name": "Sport Hatchback",
                                    "value": "11.0:1"
                                }
                            ]
                        },
                        {
                            "name": "Valve train",
                            "trims": [
                                {
                                    "name": "SE Sedan",
                                    "value": "16-valve with D-CVVT"
                                },
                                {
                                    "name": "SE Hatchback",
                                    "value": "16-valve with D-CVVT"
                                },
                                {
                                    "name": "Sport Hatchback",
                                    "value": "16-valve with D-CVVT"
                                }
                            ]
                        },
                        {
                            "name": "Fuel system: Gasoline Direct Injection (GDI)",
                            "trims": [
                                {
                                    "name": "SE Sedan",
                                    "value": "Standard"
                                },
                                {
                                    "name": "SE Hatchback",
                                    "value": "Standard"
                                },
                                {
                                    "name": "Sport Hatchback",
                                    "value": "Standard"
                                }
                            ]
                        }
                    ]
                },
                {
                    "name": "Drivetrain / Transmission",
                    "trims": [
                        "SE Sedan",
                        "SE Hatchback",
                        "Sport Hatchback"
                    ],
                    "specs": [
                        {
                            "name": "Front Wheel Drive (FWD)",
                            "trims": [
                                {
                                    "name": "SE Sedan",
                                    "value": "Standard"
                                },
                                {
                                    "name": "SE Hatchback",
                                    "value": "Standard"
                                },
                                {
                                    "name": "Sport Hatchback",
                                    "value": "Standard"
                                }
                            ]
                        },
                        {
                            "name": "6-speed manual transmission",
                            "trims": [
                                {
                                    "name": "SE Sedan",
                                    "value": "Standard"
                                },
                                {
                                    "name": "SE Hatchback",
                                    "value": "Standard"
                                },
                                {
                                    "name": "Sport Hatchback",
                                    "value": "Standard"
                                }
                            ]
                        },
                        {
                            "name": "6-speed automatic transmission with\n\t\t\t\t\t\tSHIFTRONIC",
                            "trims": [
                                {
                                    "name": "SE Sedan",
                                    "value": "Optional"
                                },
                                {
                                    "name": "SE Hatchback",
                                    "value": "Optional"
                                },
                                {
                                    "name": "Sport Hatchback",
                                    "value": "Optional"
                                }
                            ]
                        }
                    ]
                },
                {
                    "name": "Body/ Suspension/\n\t\t\t\tChassis",
                    "trims": [
                        "SE Sedan",
                        "SE Hatchback",
                        "Sport Hatchback"
                    ],
                    "specs": [
                        {
                            "name": "Body type: 4-door",
                            "trims": [
                                {
                                    "name": "SE Sedan",
                                    "value": "Standard"
                                },
                                {
                                    "name": "SE Hatchback",
                                    "value": "Not Available"
                                },
                                {
                                    "name": "Sport Hatchback",
                                    "value": "Not Available"
                                }
                            ]
                        },
                        {
                            "name": "Body type: 5-door",
                            "trims": [
                                {
                                    "name": "SE Sedan",
                                    "value": "Not Available"
                                },
                                {
                                    "name": "SE Hatchback",
                                    "value": "Standard"
                                },
                                {
                                    "name": "Sport Hatchback",
                                    "value": "Standard"
                                }
                            ]
                        },
                        {
                            "name": "Body construction: Unibody",
                            "trims": [
                                {
                                    "name": "SE Sedan",
                                    "value": "Standard"
                                },
                                {
                                    "name": "SE Hatchback",
                                    "value": "Standard"
                                },
                                {
                                    "name": "Sport Hatchback",
                                    "value": "Standard"
                                }
                            ]
                        },
                        {
                            "name": "Front suspension: MacPherson Strut with coil springs and gas\n\t\t\t\t\t\tshock absorbers",
                            "trims": [
                                {
                                    "name": "SE Sedan",
                                    "value": "Standard"
                                },
                                {
                                    "name": "SE Hatchback",
                                    "value": "Standard"
                                },
                                {
                                    "name": "Sport Hatchback",
                                    "value": "Standard"
                                }
                            ]
                        },
                        {
                            "name": "Rear suspension: Torsion axle with coil springs and monotube\n\t\t\t\t\t\tshock absorbers",
                            "trims": [
                                {
                                    "name": "SE Sedan",
                                    "value": "Standard"
                                },
                                {
                                    "name": "SE Hatchback",
                                    "value": "Standard"
                                },
                                {
                                    "name": "Sport Hatchback",
                                    "value": "Standard"
                                }
                            ]
                        },
                        {
                            "name": "Motor-Driven Power Steering (MDPS)",
                            "trims": [
                                {
                                    "name": "SE Sedan",
                                    "value": "Standard"
                                },
                                {
                                    "name": "SE Hatchback",
                                    "value": "Standard"
                                },
                                {
                                    "name": "Sport Hatchback",
                                    "value": "Standard"
                                }
                            ]
                        },
                        {
                            "name": "Turning diameter, curb-to-curb (ft.)",
                            "trims": [
                                {
                                    "name": "SE Sedan",
                                    "value": "34.12"
                                },
                                {
                                    "name": "SE Hatchback",
                                    "value": "34.12"
                                },
                                {
                                    "name": "Sport Hatchback",
                                    "value": "34.12"
                                }
                            ]
                        },
                        {
                            "name": "Rear disc brakes",
                            "trims": [
                                {
                                    "name": "SE Sedan",
                                    "value": "Optional"
                                },
                                {
                                    "name": "SE Hatchback",
                                    "value": "Not Available"
                                },
                                {
                                    "name": "Sport Hatchback",
                                    "value": "Standard"
                                }
                            ]
                        },
                        {
                            "name": "14-inch steel wheels with wheelcovers and P175/70R14 tires\n\t\t\t\t\t",
                            "trims": [
                                {
                                    "name": "SE Sedan",
                                    "value": "Standard"
                                },
                                {
                                    "name": "SE Hatchback",
                                    "value": "Standard"
                                },
                                {
                                    "name": "Sport Hatchback",
                                    "value": "Not Available"
                                }
                            ]
                        },
                        {
                            "name": "16-inch alloy wheels with P195/50R16 tires",
                            "trims": [
                                {
                                    "name": "SE Sedan",
                                    "value": "Optional"
                                },
                                {
                                    "name": "SE Hatchback",
                                    "value": "Not Available"
                                },
                                {
                                    "name": "Sport Hatchback",
                                    "value": "Standard"
                                }
                            ]
                        }
                    ]
                }
            ]
        },
        {
            "category": "EXTERIOR DIMENSIONS",
            "specifications": [
                {
                    "name": "Exterior Dimensions",
                    "trims": [
                        "SE Sedan",
                        "SE Hatchback",
                        "Sport Hatchback"
                    ],
                    "specs": [
                        {
                            "name": "Wheelbase (in.)",
                            "trims": [
                                {
                                    "name": "SE Sedan",
                                    "value": "101.2"
                                },
                                {
                                    "name": "SE Hatchback",
                                    "value": "101.2"
                                },
                                {
                                    "name": "Sport Hatchback",
                                    "value": "101.2"
                                }
                            ]
                        },
                        {
                            "name": "Length (in.)",
                            "trims": [
                                {
                                    "name": "SE Sedan",
                                    "value": "172.0"
                                },
                                {
                                    "name": "SE Hatchback",
                                    "value": "162.0"
                                },
                                {
                                    "name": "Sport Hatchback",
                                    "value": "162.0"
                                }
                            ]
                        },
                        {
                            "name": "Width (in.)",
                            "trims": [
                                {
                                    "name": "SE Sedan",
                                    "value": "66.9"
                                },
                                {
                                    "name": "SE Hatchback",
                                    "value": "66.9"
                                },
                                {
                                    "name": "Sport Hatchback",
                                    "value": "66.9"
                                }
                            ]
                        },
                        {
                            "name": "Height (in.)",
                            "trims": [
                                {
                                    "name": "SE Sedan",
                                    "value": "57.1"
                                },
                                {
                                    "name": "SE Hatchback",
                                    "value": "57.1"
                                },
                                {
                                    "name": "Sport Hatchback",
                                    "value": "57.1"
                                }
                            ]
                        }
                    ]
                },
                {
                    "name": "Wheels",
                    "trims": [
                        "SE Sedan",
                        "SE Hatchback",
                        "Sport Hatchback"
                    ],
                    "specs": [
                        {
                            "name": "Track (in., front/rear) 14-inch wheels",
                            "trims": [
                                {
                                    "name": "SE Sedan",
                                    "value": "59.3 / 59.5"
                                },
                                {
                                    "name": "SE Hatchback",
                                    "value": "59.3 / 59.5"
                                },
                                {
                                    "name": "Sport Hatchback",
                                    "value": "Not Available"
                                }
                            ]
                        },
                        {
                            "name": "Track (in., front/rear) 16-inch wheels",
                            "trims": [
                                {
                                    "name": "SE Sedan",
                                    "value": "58.6 / 58.8"
                                },
                                {
                                    "name": "SE Hatchback",
                                    "value": "Not Available"
                                },
                                {
                                    "name": "Sport Hatchback",
                                    "value": "58.6 / 58.8"
                                }
                            ]
                        }
                    ]
                },
                {
                    "name": "Weight",
                    "trims": [
                        "SE Sedan",
                        "SE Hatchback",
                        "Sport Hatchback"
                    ],
                    "specs": [
                        {
                            "name": "Curb weight (lbs., M/T / A/T)",
                            "trims": [
                                {
                                    "name": "SE Sedan",
                                    "value": "2,480 / 2,546-2,601"
                                },
                                {
                                    "name": "SE Hatchback",
                                    "value": "2,489-2,546 / 2,555-2,635"
                                },
                                {
                                    "name": "Sport Hatchback",
                                    "value": "2,489-2,546 / 2,555-2,635"
                                }
                            ]
                        }
                    ]
                }
            ]
        },
        {
            "category": "INTERIOR DIMENSIONS",
            "specifications": [
                {
                    "name": "Interior Dimensions",
                    "trims": [
                        "SE Sedan",
                        "SE Hatchback",
                        "Sport Hatchback"
                    ],
                    "specs": [
                        {
                            "name": "Head room (in., front/rear)",
                            "trims": [
                                {
                                    "name": "SE Sedan",
                                    "value": "39.9 / 37.2"
                                },
                                {
                                    "name": "SE Hatchback",
                                    "value": "39.9 / 37.8"
                                },
                                {
                                    "name": "Sport Hatchback",
                                    "value": "39.9 / 37.8"
                                }
                            ]
                        },
                        {
                            "name": "Leg room (in., front/rear)",
                            "trims": [
                                {
                                    "name": "SE Sedan",
                                    "value": "41.8 / 33.3\n\t\t\t\t\t"
                                },
                                {
                                    "name": "SE Hatchback",
                                    "value": "41.8 / 33.3"
                                },
                                {
                                    "name": "Sport Hatchback",
                                    "value": "41.8 / 33.3"
                                }
                            ]
                        },
                        {
                            "name": "Shoulder room (in., front/rear)",
                            "trims": [
                                {
                                    "name": "SE Sedan",
                                    "value": "53.7 / 53.4"
                                },
                                {
                                    "name": "SE Hatchback",
                                    "value": "53.7 / 53.4"
                                },
                                {
                                    "name": "Sport Hatchback",
                                    "value": "53.7 / 53.4"
                                }
                            ]
                        },
                        {
                            "name": "Hip room (in., front/rear)",
                            "trims": [
                                {
                                    "name": "SE Sedan",
                                    "value": "51.3 / 47.2"
                                },
                                {
                                    "name": "SE Hatchback",
                                    "value": "51.3 / 47.2"
                                },
                                {
                                    "name": "Sport Hatchback",
                                    "value": "51.3 / 47.2"
                                }
                            ]
                        }
                    ]
                },
                {
                    "name": "Interior Volume",
                    "trims": [
                        "SE Sedan",
                        "SE Hatchback",
                        "Sport Hatchback"
                    ],
                    "specs": [
                        {
                            "name": "Passenger volume (cu. ft.)",
                            "trims": [
                                {
                                    "name": "SE Sedan",
                                    "value": "89.7"
                                },
                                {
                                    "name": "SE Hatchback",
                                    "value": "90.1"
                                },
                                {
                                    "name": "Sport Hatchback",
                                    "value": "90.1"
                                }
                            ]
                        },
                        {
                            "name": "Cargo volume (cu. ft.) rear seats up",
                            "trims": [
                                {
                                    "name": "SE Sedan",
                                    "value": "13.7"
                                },
                                {
                                    "name": "SE Hatchback",
                                    "value": "21.2"
                                },
                                {
                                    "name": "Sport Hatchback",
                                    "value": "21.2"
                                }
                            ]
                        },
                        {
                            "name": "Cargo volume (cu. ft.) rear seats down",
                            "trims": [
                                {
                                    "name": "SE Sedan",
                                    "value": "Not Available"
                                },
                                {
                                    "name": "SE Hatchback",
                                    "value": "47.5"
                                },
                                {
                                    "name": "Sport Hatchback",
                                    "value": "47.5"
                                }
                            ]
                        },
                        {
                            "name": "Total interior volume (cu. ft.) ",
                            "trims": [
                                {
                                    "name": "SE Sedan",
                                    "value": "103.4"
                                },
                                {
                                    "name": "SE Hatchback",
                                    "value": "111.3"
                                },
                                {
                                    "name": "Sport Hatchback",
                                    "value": "111.3"
                                }
                            ]
                        }
                    ]
                }
            ]
        },
        {
            "category": "SAFETY FEATURES",
            "specifications": [
                {
                    "name": "Safety Features",
                    "trims": [
                        "SE Sedan",
                        "SE Hatchback",
                        "Sport Hatchback"
                    ],
                    "specs": [
                        {
                            "name": "Driver's blind spot mirror",
                            "trims": [
                                {
                                    "name": "SE Sedan",
                                    "value": "Optional"
                                },
                                {
                                    "name": "SE Hatchback",
                                    "value": "Standard"
                                },
                                {
                                    "name": "Sport Hatchback",
                                    "value": "Standard"
                                }
                            ]
                        },
                        {
                            "name": "Vehicle Stability Management (VSM) system",
                            "trims": [
                                {
                                    "name": "SE Sedan",
                                    "value": "Standard"
                                },
                                {
                                    "name": "SE Hatchback",
                                    "value": "Standard"
                                },
                                {
                                    "name": "Sport Hatchback",
                                    "value": "Standard"
                                }
                            ]
                        },
                        {
                            "name": "Electronic Stability Control (ESC)",
                            "trims": [
                                {
                                    "name": "SE Sedan",
                                    "value": "Standard"
                                },
                                {
                                    "name": "SE Hatchback",
                                    "value": "Standard"
                                },
                                {
                                    "name": "Sport Hatchback",
                                    "value": "Standard"
                                }
                            ]
                        },
                        {
                            "name": "Traction Control System (TCS)",
                            "trims": [
                                {
                                    "name": "SE Sedan",
                                    "value": "Standard"
                                },
                                {
                                    "name": "SE Hatchback",
                                    "value": "Standard"
                                },
                                {
                                    "name": "Sport Hatchback",
                                    "value": "Standard"
                                }
                            ]
                        },
                        {
                            "name": "4-wheel, 4-channel Anti-lock Braking System (ABS) with\n\t\t\t\t\t\tElectronic Brake-force Distribution (EBD) and Brake Assist (BA)\n\t\t\t\t\t",
                            "trims": [
                                {
                                    "name": "SE Sedan",
                                    "value": "Standard"
                                },
                                {
                                    "name": "SE Hatchback",
                                    "value": "Standard"
                                },
                                {
                                    "name": "Sport Hatchback",
                                    "value": "Standard"
                                }
                            ]
                        },
                        {
                            "name": "Hillstart Assist Control (HAC)",
                            "trims": [
                                {
                                    "name": "SE Sedan",
                                    "value": "A/T only"
                                },
                                {
                                    "name": "SE Hatchback",
                                    "value": "A/T only"
                                },
                                {
                                    "name": "Sport Hatchback",
                                    "value": "A/T only"
                                }
                            ]
                        },
                        {
                            "name": "Occupant Classification System (OCS)",
                            "trims": [
                                {
                                    "name": "SE Sedan",
                                    "value": "Standard"
                                },
                                {
                                    "name": "SE Hatchback",
                                    "value": "Standard"
                                },
                                {
                                    "name": "Sport Hatchback",
                                    "value": "Standard"
                                }
                            ]
                        },
                        {
                            "name": "Driver and front passenger advanced airbags (SRS) (2)",
                            "trims": [
                                {
                                    "name": "SE Sedan",
                                    "value": "Standard"
                                },
                                {
                                    "name": "SE Hatchback",
                                    "value": "Standard"
                                },
                                {
                                    "name": "Sport Hatchback",
                                    "value": "Standard"
                                }
                            ]
                        },
                        {
                            "name": "Driver and front passenger seat-mounted side-impact airbags\n\t\t\t\t\t\t(SRS) (2)",
                            "trims": [
                                {
                                    "name": "SE Sedan",
                                    "value": "Standard"
                                },
                                {
                                    "name": "SE Hatchback",
                                    "value": "Standard"
                                },
                                {
                                    "name": "Sport Hatchback",
                                    "value": "Standard"
                                }
                            ]
                        },
                        {
                            "name": "Tire Pressure Monitoring System (TPMS)",
                            "trims": [
                                {
                                    "name": "SE Sedan",
                                    "value": "Standard"
                                },
                                {
                                    "name": "SE Hatchback",
                                    "value": "Standard"
                                },
                                {
                                    "name": "Sport Hatchback",
                                    "value": "Standard"
                                }
                            ]
                        },
                        {
                            "name": "Front seatbelt pretensioners ",
                            "trims": [
                                {
                                    "name": "SE Sedan",
                                    "value": "Standard"
                                },
                                {
                                    "name": "SE Hatchback",
                                    "value": "Standard"
                                },
                                {
                                    "name": "Sport Hatchback",
                                    "value": "Standard"
                                }
                            ]
                        },
                        {
                            "name": "LATCH (Lower Anchors and Tethers for CHildren)",
                            "trims": [
                                {
                                    "name": "SE Sedan",
                                    "value": "Standard"
                                },
                                {
                                    "name": "SE Hatchback",
                                    "value": "Standard"
                                },
                                {
                                    "name": "Sport Hatchback",
                                    "value": "Standard"
                                }
                            ]
                        },
                        {
                            "name": "Active front head restraints",
                            "trims": [
                                {
                                    "name": "SE Sedan",
                                    "value": "Standard"
                                },
                                {
                                    "name": "SE Hatchback",
                                    "value": "Standard"
                                },
                                {
                                    "name": "Sport Hatchback",
                                    "value": "Standard"
                                }
                            ]
                        },
                        {
                            "name": "Front and rear crumple zones",
                            "trims": [
                                {
                                    "name": "SE Sedan",
                                    "value": "Standard"
                                },
                                {
                                    "name": "SE Hatchback",
                                    "value": "Standard"
                                },
                                {
                                    "name": "Sport Hatchback",
                                    "value": "Standard"
                                }
                            ]
                        },
                        {
                            "name": "Child safety locks (rear)",
                            "trims": [
                                {
                                    "name": "SE Sedan",
                                    "value": "Standard"
                                },
                                {
                                    "name": "SE Hatchback",
                                    "value": "Standard"
                                },
                                {
                                    "name": "Sport Hatchback",
                                    "value": "Standard"
                                }
                            ]
                        },
                        {
                            "name": "Remote keyless entry system with alarm",
                            "trims": [
                                {
                                    "name": "SE Sedan",
                                    "value": "Standard"
                                },
                                {
                                    "name": "SE Hatchback",
                                    "value": "Standard"
                                },
                                {
                                    "name": "Sport Hatchback",
                                    "value": "Standard"
                                }
                            ]
                        }
                    ]
                }
            ]
        },
        {
            "category": "EXTERIOR FEATURES",
            "specifications": [
                {
                    "name": "Exterior Features",
                    "trims": [
                        "SE Sedan",
                        "SE Hatchback",
                        "Sport Hatchback"
                    ],
                    "specs": [
                        {
                            "name": "Bodycolor dual power, manual-folding side mirrors",
                            "trims": [
                                {
                                    "name": "SE Sedan",
                                    "value": "Standard"
                                },
                                {
                                    "name": "SE Hatchback",
                                    "value": "Standard"
                                },
                                {
                                    "name": "Sport Hatchback",
                                    "value": "Standard"
                                }
                            ]
                        },
                        {
                            "name": "Heated side mirrors",
                            "trims": [
                                {
                                    "name": "SE Sedan",
                                    "value": "Optional"
                                },
                                {
                                    "name": "SE Hatchback",
                                    "value": "Standard"
                                },
                                {
                                    "name": "Sport Hatchback",
                                    "value": "Standard"
                                }
                            ]
                        },
                        {
                            "name": "Side mirror turn-signal indicators",
                            "trims": [
                                {
                                    "name": "SE Sedan",
                                    "value": "Not Available"
                                },
                                {
                                    "name": "SE Hatchback",
                                    "value": "Not Available"
                                },
                                {
                                    "name": "Sport Hatchback",
                                    "value": "Standard"
                                }
                            ]
                        },
                        {
                            "name": "Bodycolor rear spoiler ",
                            "trims": [
                                {
                                    "name": "SE Sedan",
                                    "value": "Not Available"
                                },
                                {
                                    "name": "SE Hatchback",
                                    "value": "Not Available"
                                },
                                {
                                    "name": "Sport Hatchback",
                                    "value": "Standard"
                                }
                            ]
                        },
                        {
                            "name": "Center High-Mount Stop Light (CHMSL)",
                            "trims": [
                                {
                                    "name": "SE Sedan",
                                    "value": "Standard"
                                },
                                {
                                    "name": "SE Hatchback",
                                    "value": "Standard"
                                },
                                {
                                    "name": "Sport Hatchback",
                                    "value": "Standard"
                                }
                            ]
                        },
                        {
                            "name": "Rear wiper with washer, 1-speed",
                            "trims": [
                                {
                                    "name": "SE Sedan",
                                    "value": "Not Available"
                                },
                                {
                                    "name": "SE Hatchback",
                                    "value": "Standard"
                                },
                                {
                                    "name": "Sport Hatchback",
                                    "value": "Standard"
                                }
                            ]
                        },
                        {
                            "name": "Chrome accent front grille",
                            "trims": [
                                {
                                    "name": "SE Sedan",
                                    "value": "Standard"
                                },
                                {
                                    "name": "SE Hatchback",
                                    "value": "Standard"
                                },
                                {
                                    "name": "Sport Hatchback",
                                    "value": "Standard"
                                }
                            ]
                        },
                        {
                            "name": "Tinted glass with windshield shade band\n\t\t\t\t\t",
                            "trims": [
                                {
                                    "name": "SE Sedan",
                                    "value": "Standard"
                                },
                                {
                                    "name": "SE Hatchback",
                                    "value": "Standard"
                                },
                                {
                                    "name": "Sport Hatchback",
                                    "value": "Standard"
                                }
                            ]
                        },
                        {
                            "name": "Bodycolor door handles",
                            "trims": [
                                {
                                    "name": "SE Sedan",
                                    "value": "Standard"
                                },
                                {
                                    "name": "SE Hatchback",
                                    "value": "Standard"
                                },
                                {
                                    "name": "Sport Hatchback",
                                    "value": "Standard"
                                }
                            ]
                        },
                        {
                            "name": "Projector headlights with LED accents",
                            "trims": [
                                {
                                    "name": "SE Sedan",
                                    "value": "Optional"
                                },
                                {
                                    "name": "SE Hatchback",
                                    "value": "Not Available"
                                },
                                {
                                    "name": "Sport Hatchback",
                                    "value": "Standard"
                                }
                            ]
                        },
                        {
                            "name": "Headlight welcome/escort function",
                            "trims": [
                                {
                                    "name": "SE Sedan",
                                    "value": "Optional"
                                },
                                {
                                    "name": "SE Hatchback",
                                    "value": "Not Available"
                                },
                                {
                                    "name": "Sport Hatchback",
                                    "value": "Standard"
                                }
                            ]
                        },
                        {
                            "name": "Front fog lights",
                            "trims": [
                                {
                                    "name": "SE Sedan",
                                    "value": "Optional"
                                },
                                {
                                    "name": "SE Hatchback",
                                    "value": "Not Available"
                                },
                                {
                                    "name": "Sport Hatchback",
                                    "value": "Standard"
                                }
                            ]
                        }
                    ]
                }
            ]
        },
        {
            "category": "INTERIOR FEATURES",
            "specifications": [
                {
                    "name": "Interior Features",
                    "trims": [
                        "SE Sedan",
                        "SE Hatchback",
                        "Sport Hatchback"
                    ],
                    "specs": [
                        {
                            "name": "Air conditioning",
                            "trims": [
                                {
                                    "name": "SE Sedan",
                                    "value": "Standard"
                                },
                                {
                                    "name": "SE Hatchback",
                                    "value": "Standard"
                                },
                                {
                                    "name": "Sport Hatchback",
                                    "value": "Standard"
                                }
                            ]
                        },
                        {
                            "name": "Power windows and door locks",
                            "trims": [
                                {
                                    "name": "SE Sedan",
                                    "value": "Standard"
                                },
                                {
                                    "name": "SE Hatchback",
                                    "value": "Standard"
                                },
                                {
                                    "name": "Sport Hatchback",
                                    "value": "Standard"
                                }
                            ]
                        },
                        {
                            "name": "Driver's window auto-up",
                            "trims": [
                                {
                                    "name": "SE Sedan",
                                    "value": "Optional"
                                },
                                {
                                    "name": "SE Hatchback",
                                    "value": "Not Available"
                                },
                                {
                                    "name": "Sport Hatchback",
                                    "value": "Standard"
                                }
                            ]
                        },
                        {
                            "name": "One-touch triple turn signal",
                            "trims": [
                                {
                                    "name": "SE Sedan",
                                    "value": "Standard"
                                },
                                {
                                    "name": "SE Hatchback",
                                    "value": "Standard"
                                },
                                {
                                    "name": "Sport Hatchback",
                                    "value": "Standard"
                                }
                            ]
                        },
                        {
                            "name": "6-way adjustable driver seat",
                            "trims": [
                                {
                                    "name": "SE Sedan",
                                    "value": "Standard"
                                },
                                {
                                    "name": "SE Hatchback",
                                    "value": "Standard"
                                },
                                {
                                    "name": "Sport Hatchback",
                                    "value": "Standard"
                                }
                            ]
                        },
                        {
                            "name": "Adjustable head restraints for all seating positions",
                            "trims": [
                                {
                                    "name": "SE Sedan",
                                    "value": "Standard"
                                },
                                {
                                    "name": "SE Hatchback",
                                    "value": "Standard"
                                },
                                {
                                    "name": "Sport Hatchback",
                                    "value": "Standard"
                                }
                            ]
                        },
                        {
                            "name": "Driver seat armrest",
                            "trims": [
                                {
                                    "name": "SE Sedan",
                                    "value": "Standard"
                                },
                                {
                                    "name": "SE Hatchback",
                                    "value": "Standard"
                                },
                                {
                                    "name": "Sport Hatchback",
                                    "value": "Not Available"
                                }
                            ]
                        },
                        {
                            "name": "Sliding center armrest with storage compartment",
                            "trims": [
                                {
                                    "name": "SE Sedan",
                                    "value": "Optional"
                                },
                                {
                                    "name": "SE Hatchback",
                                    "value": "Not Available"
                                },
                                {
                                    "name": "Sport Hatchback",
                                    "value": "Standard"
                                }
                            ]
                        },
                        {
                            "name": "Passenger seatback pocket",
                            "trims": [
                                {
                                    "name": "SE Sedan",
                                    "value": "Standard"
                                },
                                {
                                    "name": "SE Hatchback",
                                    "value": "Standard"
                                },
                                {
                                    "name": "Sport Hatchback",
                                    "value": "Standard"
                                }
                            ]
                        },
                        {
                            "name": "60/40 split fold-down rear seatback",
                            "trims": [
                                {
                                    "name": "SE Sedan",
                                    "value": "Standard"
                                },
                                {
                                    "name": "SE Hatchback",
                                    "value": "Standard"
                                },
                                {
                                    "name": "Sport Hatchback",
                                    "value": "Standard"
                                }
                            ]
                        },
                        {
                            "name": "Cloth seating",
                            "trims": [
                                {
                                    "name": "SE Sedan",
                                    "value": "Standard"
                                },
                                {
                                    "name": "SE Hatchback",
                                    "value": "Standard"
                                },
                                {
                                    "name": "Sport Hatchback",
                                    "value": "Not Available"
                                }
                            ]
                        },
                        {
                            "name": "Premium cloth seating",
                            "trims": [
                                {
                                    "name": "SE Sedan",
                                    "value": "Optional"
                                },
                                {
                                    "name": "SE Hatchback",
                                    "value": "Not Available"
                                },
                                {
                                    "name": "Sport Hatchback",
                                    "value": "Standard"
                                }
                            ]
                        },
                        {
                            "name": "Cloth door insert",
                            "trims": [
                                {
                                    "name": "SE Sedan",
                                    "value": "Standard"
                                },
                                {
                                    "name": "SE Hatchback",
                                    "value": "Standard"
                                },
                                {
                                    "name": "Sport Hatchback",
                                    "value": "Standard"
                                }
                            ]
                        },
                        {
                            "name": "Metal paint interior accents",
                            "trims": [
                                {
                                    "name": "SE Sedan",
                                    "value": "Standard"
                                },
                                {
                                    "name": "SE Hatchback",
                                    "value": "Standard"
                                },
                                {
                                    "name": "Sport Hatchback",
                                    "value": "Not Available"
                                }
                            ]
                        },
                        {
                            "name": "Piano Black interior accents",
                            "trims": [
                                {
                                    "name": "SE Sedan",
                                    "value": "Optional"
                                },
                                {
                                    "name": "SE Hatchback",
                                    "value": "Not Available"
                                },
                                {
                                    "name": "Sport Hatchback",
                                    "value": "Standard"
                                }
                            ]
                        },
                        {
                            "name": "Center-stack-mounted 12-volt outlet",
                            "trims": [
                                {
                                    "name": "SE Sedan",
                                    "value": "Standard"
                                },
                                {
                                    "name": "SE Hatchback",
                                    "value": "Standard"
                                },
                                {
                                    "name": "Sport Hatchback",
                                    "value": "Standard"
                                }
                            ]
                        },
                        {
                            "name": "Front cupholders",
                            "trims": [
                                {
                                    "name": "SE Sedan",
                                    "value": "Standard"
                                },
                                {
                                    "name": "SE Hatchback",
                                    "value": "Standard"
                                },
                                {
                                    "name": "Sport Hatchback",
                                    "value": "Standard"
                                }
                            ]
                        },
                        {
                            "name": "Dual vanity mirrors",
                            "trims": [
                                {
                                    "name": "SE Sedan",
                                    "value": "Standard"
                                },
                                {
                                    "name": "SE Hatchback",
                                    "value": "Standard"
                                },
                                {
                                    "name": "Sport Hatchback",
                                    "value": "Standard"
                                }
                            ]
                        },
                        {
                            "name": "Sliding sunvisors",
                            "trims": [
                                {
                                    "name": "SE Sedan",
                                    "value": "Standard"
                                },
                                {
                                    "name": "SE Hatchback",
                                    "value": "Standard"
                                },
                                {
                                    "name": "Sport Hatchback",
                                    "value": "Standard"
                                }
                            ]
                        },
                        {
                            "name": "Front door storage compartments",
                            "trims": [
                                {
                                    "name": "SE Sedan",
                                    "value": "Standard"
                                },
                                {
                                    "name": "SE Hatchback",
                                    "value": "Standard"
                                },
                                {
                                    "name": "Sport Hatchback",
                                    "value": "Standard"
                                }
                            ]
                        },
                        {
                            "name": "Sunglass holder",
                            "trims": [
                                {
                                    "name": "SE Sedan",
                                    "value": "Standard"
                                },
                                {
                                    "name": "SE Hatchback",
                                    "value": "Standard"
                                },
                                {
                                    "name": "Sport Hatchback",
                                    "value": "Standard"
                                }
                            ]
                        },
                        {
                            "name": "Tilt steering wheel",
                            "trims": [
                                {
                                    "name": "SE Sedan",
                                    "value": "Standard"
                                },
                                {
                                    "name": "SE Hatchback",
                                    "value": "Standard"
                                },
                                {
                                    "name": "Sport Hatchback",
                                    "value": "Standard"
                                }
                            ]
                        },
                        {
                            "name": "Tilt-and-telescopic steering wheel",
                            "trims": [
                                {
                                    "name": "SE Sedan",
                                    "value": "Optional"
                                },
                                {
                                    "name": "SE Hatchback",
                                    "value": "Not Available"
                                },
                                {
                                    "name": "Sport Hatchback",
                                    "value": "Standard"
                                }
                            ]
                        },
                        {
                            "name": "Exterior temperature display",
                            "trims": [
                                {
                                    "name": "SE Sedan",
                                    "value": "Standard"
                                },
                                {
                                    "name": "SE Hatchback",
                                    "value": "Standard"
                                },
                                {
                                    "name": "Sport Hatchback",
                                    "value": "Standard"
                                }
                            ]
                        },
                        {
                            "name": "Bluetooth",
                            "trims": [
                                {
                                    "name": "SE Sedan",
                                    "value": "Optional"
                                },
                                {
                                    "name": "SE Hatchback",
                                    "value": "Not Available"
                                },
                                {
                                    "name": "Sport Hatchback",
                                    "value": "Standard"
                                }
                            ]
                        },
                        {
                            "name": "Leather-wrapped steering wheel and shift knob",
                            "trims": [
                                {
                                    "name": "SE Sedan",
                                    "value": "Optional"
                                },
                                {
                                    "name": "SE Hatchback",
                                    "value": "Not Available"
                                },
                                {
                                    "name": "Sport Hatchback",
                                    "value": "Standard"
                                }
                            ]
                        },
                        {
                            "name": "Steering-wheel-mounted cruise controls",
                            "trims": [
                                {
                                    "name": "SE Sedan",
                                    "value": "Optional"
                                },
                                {
                                    "name": "SE Hatchback",
                                    "value": "Optional"
                                },
                                {
                                    "name": "Sport Hatchback",
                                    "value": "Standard"
                                }
                            ]
                        },
                        {
                            "name": "Steering-wheel-mounted audio, cruise and\n\t\t\t\t\t\tBluetooth",
                            "trims": [
                                {
                                    "name": "SE Sedan",
                                    "value": "Optional"
                                },
                                {
                                    "name": "SE Hatchback",
                                    "value": "Not Available"
                                },
                                {
                                    "name": "Sport Hatchback",
                                    "value": "Standard"
                                }
                            ]
                        },
                        {
                            "name": "AM/FM/SiriusXM/CD/MP3 audio system with 6 speakers",
                            "trims": [
                                {
                                    "name": "SE Sedan",
                                    "value": "Standard"
                                },
                                {
                                    "name": "SE Hatchback",
                                    "value": "Standard"
                                },
                                {
                                    "name": "Sport Hatchback",
                                    "value": "Standard"
                                }
                            ]
                        },
                        {
                            "name": "Smartphone/USB and auxiliary input jacks\n\t\t\t\t\t",
                            "trims": [
                                {
                                    "name": "SE Sedan",
                                    "value": "Standard"
                                },
                                {
                                    "name": "SE Hatchback",
                                    "value": "Standard"
                                },
                                {
                                    "name": "Sport Hatchback",
                                    "value": "Standard"
                                }
                            ]
                        }
                    ]
                }
            ]
        },
        {
            "category": "WARRANTY",
            "specifications": []
        }
    ]
}
